label,caption,p0,p1,p2,p3,p4,p5,p6,p7,p8,p9,p10,p11,p12,p13,p14,p15,p16,p17,p18,p19,p20,p21,p22,p23,p24,p25,p26,p27,p28,p29,p30,p31,p32,p33,p34,p35,p36,p37,p38,p39,p40,p41,p42,p43,p44,p45,p46,p47,p48,p49,p50,p51,p52,p53,p54,p55,p56,p57,p58,p59,p60,p61,p62,p63
bee,"bee with hive",0.06,0.07,0.11,0.18,0.12,0.17,0.06,0.08,0.06,0.04,0.06,0.31,0.14,0.28,0.23,0.08,0.28,0.59,0.28,0.11,0.24,0.73,0.22,0.28,0.14,0.67,0.29,0.07,0.59,0.82,0.57,0.05,0.43,0.53,0.77,0.22,0.73,0.45,0.74,0.06,0.16,0.49,0.34,0.07,0.64,0.34,0.70,0.08,0.14,0.18,0.33,0.16,0.47,0.74,0.44,0.06,0.07,0.08,0.07,0.23,0.06,0.08,0.06,0.06
bee,"bee hive",0.17,0.17,0.17,0.23,0.23,0.15,0.26,0.16,0.26,0.34,0.38,0.81,0.80,0.32,0.48,0.17,0.24,0.36,0.72,0.81,0.81,0.68,0.23,0.17,0.16,0.54,0.80,0.76,0.77,0.81,0.50,0.16,0.17,0.65,0.82,0.76,0.76,0.82,0.69,0.17,0.20,0.72,0.77,0.42,0.42,0.78,0.71,0.17,0.16,0.56,0.81,0.31,0.32,0.81,0.55,0.16,0.17,0.18,0.27,0.29,0.28,0.27,0.17,0.17
bee,"bee in hive",0.06,0.12,0.28,0.12,0.06,0.05,0.06,0.06,0.05,0.50,0.76,0.49,0.04,0.54,0.36,0.16,0.20,0.70,0.68,0.69,0.29,0.74,0.46,0.14,0.45,0.70,0.65,0.67,0.55,0.51,0.54,0.07,0.55,0.69,0.74,0.72,0.53,0.04,0.05,0.05,0.68,0.72,0.45,0.76,0.67,0.07,0.06,0.05,0.53,0.71,0.25,0.64,0.52,0.06,0.05,0.05,0.07,0.13,0.29,0.14,0.06,0.05,0.05,0.05
bee,"enclosure of mirrored bees",0.38,0.41,0.40,0.40,0.40,0.40,0.41,0.28,0.34,0.07,0.03,0.03,0.04,0.03,0.03,0.34,0.33,0.46,0.42,0.08,0.05,0.48,0.39,0.31,0.33,0.46,0.75,0.24,0.48,0.74,0.22,0.35,0.34,0.92,0.83,0.06,0.23,0.63,0.83,0.22,0.33,0.14,0.18,0.04,0.06,0.11,0.14,0.33,0.34,0.03,0.04,0.03,0.03,0.03,0.03,0.34,0.27,0.34,0.34,0.33,0.33,0.33,0.34,0.33
bee,"bee inside hive",0.07,0.12,0.38,0.55,0.55,0.39,0.10,0.07,0.07,0.38,0.65,0.63,0.64,0.67,0.43,0.07,0.17,0.55,0.64,0.17,0.17,0.69,0.74,0.18,0.29,0.64,0.43,0.41,0.32,0.52,0.61,0.36,0.33,0.73,0.47,0.61,0.65,0.56,0.69,0.25,0.22,0.59,0.31,0.29,0.30,0.34,0.60,0.14,0.10,0.45,0.55,0.18,0.31,0.53,0.32,0.07,0.08,0.11,0.30,0.52,0.51,0.22,0.08,0.07
bee,"beekeeper with veil and hive",0.06,0.06,0.13,0.26,0.18,0.07,0.08,0.07,0.20,0.26,0.72,0.61,0.68,0.21,0.28,0.05,0.07,0.29,0.47,0.13,0.35,0.37,0.27,0.20,0.06,0.56,0.76,0.33,0.76,0.72,0.13,0.06,0.04,0.68,0.97,0.96,0.79,0.80,0.73,0.15,0.08,0.36,0.86,0.93,0.42,0.80,0.80,0.21,0.20,0.32,0.99,0.38,0.39,0.76,0.77,0.25,0.35,0.32,0.44,0.25,0.26,0.45,0.42,0.35
bee,"bee hive section",0.09,0.09,0.07,0.06,0.28,0.28,0.26,0.24,0.31,0.45,0.09,0.25,0.58,0.72,0.28,0.25,0.11,0.17,0.14,0.63,0.63,0.45,0.65,0.23,0.07,0.20,0.31,0.58,0.49,0.32,0.76,0.37,0.07,0.56,0.36,0.71,0.49,0.52,0.43,0.37,0.07,0.07,0.06,0.69,0.57,0.46,0.56,0.33,0.07,0.07,0.07,0.41,0.71,0.35,0.66,0.37,0.07,0.07,0.08,0.08,0.49,0.56,0.31,0.24
bee,"honey bee worker",0.07,0.07,0.07,0.07,0.16,0.15,0.08,0.07,0.07,0.05,0.06,0.06,0.74,0.76,0.26,0.07,0.08,0.34,0.33,0.27,0.98,0.98,0.65,0.06,0.07,0.34,0.67,0.52,0.51,0.40,0.07,0.07,0.04,0.58,0.56,0.63,0.55,0.50,0.15,0.07,0.06,0.30,0.41,0.47,0.56,0.63,0.40,0.07,0.07,0.07,0.08,0.20,0.29,0.44,0.51,0.06,0.07,0.07,0.07,0.07,0.07,0.12,0.12,0.07
bee,"wasp on nest",0.07,0.06,0.07,0.13,0.15,0.15,0.22,0.18,0.12,0.23,0.22,0.22,0.17,0.20,0.16,0.06,0.11,0.10,0.50,0.51,0.06,0.07,0.08,0.06,0.06,0.40,0.65,0.65,0.26,0.20,0.33,0.27,0.05,0.50,0.64,0.64,0.61,0.55,0.83,0.08,0.06,0.38,0.82,0.73,0.45,0.27,0.80,0.25,0.07,0.08,0.71,0.61,0.07,0.06,0.07,0.07,0.07,0.07,0.06,0.07,0.07,0.06,0.07,0.07
bee,"wasp on nest",0.08,0.07,0.08,0.23,0.56,0.56,0.56,0.09,0.14,0.36,0.44,0.45,0.70,0.68,0.56,0.06,0.08,0.79,0.51,0.15,0.49,0.52,0.06,0.07,0.07,0.33,0.42,0.28,0.44,0.65,0.24,0.07,0.06,0.29,0.38,0.35,0.38,0.32,0.30,0.08,0.07,0.20,0.36,0.39,0.35,0.38,0.09,0.07,0.06,0.08,0.36,0.38,0.39,0.29,0.06,0.07,0.07,0.07,0.09,0.27,0.20,0.07,0.07,0.07
bee,"wasp comb nest",0.11,0.25,0.14,0.23,0.27,0.16,0.04,0.04,0.28,0.23,0.23,0.65,0.33,0.07,0.51,0.08,0.06,0.05,0.62,0.76,0.78,0.12,0.30,0.04,0.06,0.29,0.86,0.83,0.83,0.60,0.14,0.23,0.05,0.51,0.80,0.79,0.77,0.82,0.18,0.17,0.18,0.26,0.81,0.59,0.59,0.54,0.03,0.05,0.34,0.07,0.75,0.72,0.74,0.23,0.06,0.04,0.06,0.05,0.06,0.50,0.22,0.04,0.04,0.04
bee,"paper wasp on nest",0.06,0.13,0.15,0.06,0.05,0.07,0.08,0.05,0.07,0.07,0.29,0.27,0.56,0.73,0.21,0.05,0.07,0.06,0.23,0.77,0.73,0.54,0.12,0.05,0.06,0.12,0.75,0.66,0.38,0.40,0.53,0.05,0.06,0.48,0.61,0.59,0.33,0.47,0.03,0.06,0.07,0.59,0.36,0.42,0.60,0.10,0.06,0.05,0.05,0.21,0.17,0.25,0.21,0.06,0.05,0.05,0.05,0.05,0.10,0.11,0.07,0.05,0.05,0.05
bee,"wasp nest hanging",0.14,0.14,0.12,0.07,0.08,0.19,0.12,0.07,0.14,0.26,0.26,0.24,0.25,0.14,0.32,0.21,0.08,0.05,0.23,0.62,0.62,0.25,0.21,0.30,0.07,0.14,0.81,0.85,0.86,0.86,0.14,0.07,0.08,0.32,0.86,0.85,0.87,0.80,0.27,0.08,0.08,0.24,0.76,0.77,0.42,0.66,0.18,0.07,0.07,0.06,0.48,0.66,0.37,0.55,0.07,0.08,0.07,0.07,0.06,0.25,0.32,0.07,0.07,0.08
bee,"wasp nest home",0.08,0.05,0.08,0.13,0.14,0.09,0.08,0.08,0.09,0.63,0.33,0.09,0.15,0.24,0.44,0.07,0.09,0.22,0.28,0.62,0.70,0.35,0.24,0.08,0.07,0.14,0.71,0.75,0.75,0.69,0.14,0.07,0.06,0.42,0.74,0.75,0.75,0.72,0.39,0.07,0.07,0.47,0.70,0.30,0.31,0.70,0.46,0.06,0.08,0.12,0.60,0.36,0.39,0.59,0.12,0.07,0.08,0.07,0.09,0.20,0.23,0.08,0.07,0.07
bee,"empty wasp nest",0.07,0.15,0.08,0.14,0.14,0.24,0.18,0.07,0.14,0.27,0.17,0.40,0.23,0.06,0.06,0.06,0.12,0.07,0.50,0.67,0.58,0.42,0.06,0.07,0.07,0.35,0.65,0.63,0.57,0.65,0.23,0.07,0.04,0.57,0.76,0.58,0.62,0.59,0.46,0.06,0.07,0.35,0.74,0.30,0.32,0.63,0.26,0.07,0.06,0.07,0.49,0.47,0.48,0.46,0.06,0.07,0.07,0.07,0.07,0.21,0.20,0.07,0.07,0.06
bee,"wasp nest gray",0.07,0.12,0.23,0.14,0.15,0.19,0.07,0.07,0.07,0.06,0.12,0.44,0.35,0.15,0.10,0.06,0.06,0.07,0.50,0.50,0.54,0.33,0.06,0.06,0.07,0.29,0.56,0.61,0.56,0.54,0.12,0.07,0.07,0.42,0.54,0.59,0.56,0.54,0.21,0.07,0.07,0.19,0.56,0.31,0.53,0.55,0.07,0.06,0.07,0.06,0.43,0.26,0.49,0.22,0.06,0.06,0.07,0.08,0.10,0.28,0.20,0.07,0.07,0.07
bee,"empty wasp nest",0.14,0.18,0.18,0.17,0.21,0.28,0.43,0.20,0.15,0.18,0.15,0.47,0.29,0.17,0.59,0.14,0.07,0.07,0.55,0.82,0.81,0.36,0.14,0.14,0.08,0.32,0.82,0.88,0.86,0.70,0.06,0.08,0.06,0.63,0.84,0.41,0.60,0.88,0.23,0.08,0.07,0.41,0.89,0.35,0.59,0.78,0.08,0.07,0.07,0.07,0.63,0.78,0.80,0.26,0.07,0.07,0.07,0.08,0.09,0.29,0.24,0.06,0.07,0.07
bee,"empty wasp nest",0.08,0.15,0.26,0.21,0.15,0.15,0.36,0.12,0.25,0.19,0.08,0.24,0.24,0.09,0.30,0.28,0.09,0.08,0.36,0.43,0.44,0.33,0.07,0.07,0.08,0.21,0.44,0.45,0.45,0.45,0.25,0.08,0.07,0.36,0.35,0.45,0.45,0.41,0.34,0.07,0.07,0.29,0.11,0.19,0.40,0.44,0.27,0.08,0.08,0.12,0.32,0.35,0.47,0.37,0.09,0.08,0.08,0.07,0.09,0.19,0.18,0.07,0.08,0.07
bee,"honeycomb bee",0.07,0.05,0.22,0.13,0.07,0.11,0.06,0.07,0.14,0.58,0.77,0.73,0.23,0.10,0.22,0.09,0.13,0.64,0.74,0.75,0.14,0.15,0.08,0.07,0.07,0.14,0.39,0.31,0.48,0.54,0.21,0.07,0.06,0.43,0.37,0.41,0.28,0.33,0.20,0.12,0.06,0.38,0.31,0.36,0.08,0.06,0.39,0.12,0.12,0.14,0.22,0.10,0.32,0.35,0.14,0.29,0.07,0.07,0.07,0.06,0.38,0.43,0.34,0.37
bee,"bee with pollen on legs",0.24,0.15,0.05,0.05,0.05,0.06,0.05,0.05,0.13,0.07,0.54,0.25,0.57,0.32,0.08,0.32,0.18,0.35,0.41,0.64,0.77,0.13,0.06,0.07,0.12,0.88,0.70,0.52,0.55,0.27,0.14,0.06,0.07,0.63,0.45,0.54,0.47,0.26,0.36,0.07,0.06,0.16,0.16,0.17,0.38,0.21,0.25,0.06,0.23,0.15,0.06,0.06,0.21,0.37,0.41,0.06,0.06,0.07,0.06,0.06,0.06,0.05,0.05,0.06
bee,"honeycomb bee keeper",0.06,0.07,0.28,0.26,0.07,0.06,0.15,0.06,0.21,0.34,0.23,0.29,0.28,0.09,0.57,0.36,0.35,0.29,0.31,0.59,0.76,0.39,0.17,0.07,0.11,0.44,0.38,0.68,0.70,0.60,0.26,0.07,0.07,0.18,0.24,0.84,0.79,0.72,0.08,0.07,0.06,0.41,0.25,0.60,0.61,0.45,0.34,0.08,0.08,0.15,0.15,0.38,0.26,0.35,0.27,0.07,0.07,0.10,0.14,0.24,0.07,0.28,0.08,0.07
bee,"pollination path bee",0.06,0.46,0.23,0.12,0.07,0.07,0.07,0.07,0.15,0.48,0.65,0.24,0.07,0.06,0.07,0.07,0.08,0.76,0.59,0.82,0.10,0.06,0.05,0.07,0.07,0.07,0.09,0.14,0.24,0.26,0.30,0.12,0.08,0.09,0.29,0.15,0.32,0.21,0.21,0.18,0.06,0.24,0.10,0.09,0.10,0.27,0.28,0.08,0.07,0.24,0.10,0.11,0.08,0.79,0.69,0.24,0.07,0.07,0.23,0.29,0.13,0.48,0.54,0.16
bee,"pollination path bee",0.07,0.07,0.07,0.37,0.46,0.17,0.10,0.07,0.07,0.06,0.07,0.36,0.93,0.31,0.36,0.06,0.15,0.27,0.16,0.08,0.31,0.45,0.67,0.37,0.31,0.08,0.30,0.15,0.16,0.38,0.37,0.38,0.39,0.11,0.12,0.15,0.32,0.25,0.05,0.06,0.07,0.26,0.28,0.12,0.05,0.17,0.29,0.07,0.12,0.26,0.28,0.19,0.07,0.06,0.38,0.08,0.09,0.15,0.15,0.07,0.07,0.18,0.16,0.07
bee,"pollen bee dog",0.06,0.24,0.05,0.13,0.06,0.21,0.06,0.06,0.06,0.24,0.29,0.32,0.35,0.19,0.24,0.06,0.05,0.46,0.84,0.67,0.87,0.43,0.36,0.04,0.15,0.68,0.72,0.62,0.35,0.97,0.66,0.04,0.15,0.78,0.92,0.59,0.32,0.73,0.49,0.06,0.08,0.16,0.53,0.58,0.85,0.63,0.74,0.14,0.14,0.39,0.67,0.84,0.41,0.49,0.64,0.11,0.06,0.07,0.14,0.24,0.05,0.24,0.14,0.07
bee,"bee on honeycomb",0.35,0.36,0.48,0.37,0.42,0.30,0.48,0.36,0.31,0.26,0.47,0.28,0.52,0.32,0.59,0.32,0.39,0.87,0.53,0.20,0.29,0.70,0.36,0.71,0.40,0.83,0.83,0.33,0.27,0.62,0.34,0.67,0.29,0.43,0.53,0.73,0.94,0.57,0.65,0.32,0.29,0.35,0.55,0.40,0.80,0.42,0.60,0.31,0.31,0.23,0.38,0.48,0.40,0.47,0.35,0.65,0.30,0.28,0.49,0.48,0.43,0.48,0.36,0.61
bee,"pollen bee",0.08,0.15,0.17,0.08,0.08,0.32,0.09,0.14,0.08,0.87,0.73,0.07,0.65,0.99,0.33,0.15,0.08,0.26,0.65,0.50,0.94,0.64,0.69,0.10,0.10,0.61,0.79,0.34,0.52,0.62,0.57,0.07,0.31,0.69,0.16,0.83,0.29,0.64,0.08,0.07,0.15,0.67,0.70,0.57,0.53,0.38,0.13,0.08,0.09,0.08,0.30,0.09,0.52,0.09,0.32,0.25,0.08,0.08,0.09,0.07,0.09,0.12,0.19,0.07
bee,"bee with full pollen baskets",0.04,0.24,0.06,0.06,0.25,0.04,0.07,0.05,0.36,0.16,0.25,0.34,0.06,0.57,0.95,0.47,0.44,0.70,0.31,0.37,0.37,0.98,0.86,0.14,0.06,0.49,0.29,0.46,0.41,0.65,0.32,0.06,0.21,0.64,0.55,0.59,0.68,0.61,0.74,0.14,0.29,0.83,0.60,0.35,0.42,0.79,0.82,0.22,0.14,0.59,0.14,0.21,0.15,0.37,0.51,0.06,0.06,0.04,0.06,0.08,0.05,0.07,0.05,0.06
bee,"honeycomb bee spirit",0.04,0.23,0.21,0.21,0.60,0.29,0.23,0.12,0.24,0.47,0.64,0.85,0.83,0.62,0.40,0.59,0.12,0.54,0.65,0.88,0.84,0.97,0.21,0.57,0.55,0.50,0.85,0.65,0.44,0.97,0.52,0.51,0.49,0.20,0.87,0.96,0.97,0.97,0.57,0.57,0.22,0.73,0.52,0.87,0.73,0.95,0.76,0.27,0.30,0.32,0.32,0.54,0.59,0.31,0.33,0.04,0.04,0.42,0.45,0.48,0.60,0.13,0.04,0.04
bee,"bee with flower",0.07,0.22,0.21,0.08,0.07,0.08,0.07,0.07,0.23,0.80,0.71,0.22,0.17,0.14,0.13,0.07,0.05,0.38,0.64,0.67,0.17,0.13,0.08,0.06,0.21,0.51,0.33,0.45,0.43,0.45,0.23,0.07,0.08,0.09,0.14,0.50,0.71,0.69,0.59,0.07,0.07,0.08,0.06,0.42,0.65,0.59,0.44,0.06,0.07,0.07,0.07,0.13,0.18,0.28,0.42,0.16,0.07,0.07,0.07,0.07,0.07,0.33,0.16,0.06
bee,"bee with pollen baskets",0.08,0.08,0.06,0.08,0.07,0.07,0.09,0.07,0.34,0.95,0.38,0.26,0.21,0.38,0.95,0.34,0.15,0.82,0.77,0.51,0.52,0.80,0.85,0.14,0.08,0.08,0.34,0.37,0.44,0.37,0.08,0.07,0.07,0.14,0.11,0.49,0.53,0.18,0.13,0.07,0.07,0.54,0.39,0.45,0.46,0.38,0.55,0.08,0.07,0.41,0.26,0.06,0.06,0.29,0.42,0.07,0.07,0.07,0.07,0.07,0.06,0.08,0.07,0.07
bee,"bee with pollen baskets",0.04,0.06,0.11,0.12,0.12,0.15,0.06,0.05,0.26,0.86,0.12,0.56,0.55,0.12,0.86,0.23,0.14,0.85,0.84,0.46,0.46,0.84,0.85,0.14,0.07,0.08,0.37,0.10,0.10,0.33,0.08,0.06,0.05,0.41,0.17,0.60,0.54,0.17,0.36,0.05,0.21,0.62,0.26,0.55,0.49,0.24,0.57,0.12,0.06,0.19,0.19,0.28,0.26,0.10,0.18,0.05,0.07,0.07,0.06,0.26,0.26,0.07,0.05,0.06
bee,"honeycomb bee larva",0.05,0.05,0.35,0.65,0.55,0.04,0.04,0.06,0.07,0.09,0.70,0.07,0.17,0.66,0.42,0.34,0.54,0.32,0.54,0.30,0.62,0.14,0.03,0.47,0.42,0.04,0.41,0.71,0.53,0.55,0.16,0.58,0.55,0.63,0.65,0.64,0.97,0.65,0.46,0.43,0.55,0.07,0.34,0.66,0.95,0.95,0.06,0.49,0.57,0.08,0.29,0.53,0.92,0.65,0.43,0.55,0.15,0.64,0.53,0.46,0.42,0.54,0.09,0.06
bee,"bee collecting pollen",0.05,0.15,0.67,0.14,0.04,0.04,0.14,0.08,0.05,0.32,0.84,0.81,0.32,0.05,0.12,0.20,0.05,0.98,0.89,0.58,0.19,0.67,0.28,0.05,0.04,0.24,0.46,0.40,0.53,0.91,0.65,0.37,0.05,0.55,0.51,0.32,0.79,0.84,0.93,0.36,0.07,0.86,0.87,0.67,0.67,0.77,0.49,0.03,0.04,0.05,0.48,0.99,0.61,0.93,0.35,0.05,0.05,0.04,0.12,0.32,0.35,0.41,0.23,0.05
bee,"identity pollen grain simple cell",0.08,0.13,0.07,0.19,0.17,0.06,0.14,0.12,0.12,0.28,0.53,0.69,0.67,0.48,0.23,0.12,0.07,0.31,0.65,0.55,0.51,0.68,0.39,0.07,0.05,0.52,0.63,0.22,0.21,0.58,0.64,0.08,0.06,0.57,0.62,0.22,0.22,0.65,0.49,0.05,0.07,0.30,0.71,0.57,0.64,0.69,0.21,0.07,0.07,0.18,0.41,0.60,0.63,0.28,0.40,0.06,0.07,0.19,0.06,0.06,0.07,0.07,0.19,0.07
bee,"pollen grain cluster",0.07,0.07,0.14,0.29,0.07,0.07,0.07,0.07,0.08,0.05,0.60,0.84,0.49,0.19,0.45,0.08,0.07,0.14,0.34,0.62,0.22,0.59,0.15,0.06,0.08,0.14,0.38,0.27,0.56,0.90,0.61,0.06,0.08,0.76,0.87,0.29,0.14,0.30,0.16,0.07,0.06,0.34,0.59,0.22,0.61,0.17,0.15,0.08,0.16,0.30,0.04,0.52,0.89,0.51,0.07,0.08,0.07,0.06,0.08,0.08,0.28,0.07,0.08,0.08
bee,"pollen collection tower",0.08,0.14,0.17,0.57,0.62,0.17,0.08,0.08,0.07,0.07,0.32,0.56,0.57,0.39,0.08,0.22,0.06,0.17,0.36,0.92,0.92,0.34,0.08,0.10,0.29,0.07,0.34,0.91,0.84,0.32,0.29,0.05,0.06,0.17,0.34,0.89,0.87,0.33,0.08,0.08,0.07,0.07,0.32,0.89,0.88,0.33,0.09,0.15,0.17,0.07,0.54,0.88,0.89,0.70,0.09,0.14,0.08,0.23,0.34,0.28,0.34,0.28,0.28,0.10
bee,"pollen grain clump on anther",0.07,0.06,0.06,0.23,0.21,0.06,0.07,0.07,0.08,0.32,0.30,0.66,0.77,0.15,0.16,0.12,0.08,0.05,0.42,0.63,0.55,0.39,0.08,0.07,0.11,0.06,0.58,0.70,0.79,0.24,0.13,0.14,0.07,0.07,0.31,0.66,0.54,0.13,0.09,0.14,0.07,0.12,0.26,0.27,0.27,0.12,0.13,0.07,0.07,0.11,0.17,0.28,0.33,0.07,0.12,0.07,0.07,0.07,0.08,0.41,0.27,0.05,0.07,0.07
bee,"pollen grain morphology chart",0.05,0.06,0.17,0.12,0.05,0.06,0.36,0.15,0.09,0.41,0.36,0.38,0.34,0.13,0.38,0.14,0.21,0.35,0.31,0.41,0.38,0.30,0.86,0.20,0.13,0.41,0.34,0.37,0.32,0.05,0.17,0.05,0.04,0.21,0.32,0.33,0.13,0.17,0.11,0.05,0.08,0.33,0.10,0.04,0.16,0.40,0.41,0.08,0.16,0.38,0.25,0.38,0.12,0.33,0.28,0.05,0.04,0.06,0.08,0.18,0.06,0.09,0.06,0.05
bee,"curious pollen grain",0.07,0.07,0.07,0.08,0.08,0.09,0.53,0.17,0.05,0.27,0.15,0.26,0.30,0.06,0.39,0.17,0.07,0.29,0.78,0.89,0.87,0.55,0.23,0.23,0.14,0.85,0.73,0.86,0.87,0.89,0.42,0.10,0.32,0.89,0.72,0.68,0.90,0.55,0.65,0.05,0.25,0.91,0.71,0.71,0.70,0.65,0.54,0.06,0.07,0.52,0.88,0.87,0.73,0.89,0.26,0.15,0.08,0.07,0.24,0.44,0.30,0.15,0.07,0.14
bee,"beehive comb honey cell",0.07,0.14,0.61,0.33,0.50,0.51,0.07,0.07,0.05,0.59,0.31,0.73,0.46,0.58,0.32,0.07,0.33,0.69,0.67,0.60,0.68,0.68,0.71,0.24,0.62,0.36,0.66,0.33,0.47,0.65,0.44,0.28,0.14,0.75,0.34,0.73,0.47,0.52,0.58,0.07,0.07,0.33,0.48,0.62,0.55,0.64,0.24,0.08,0.07,0.06,0.35,0.15,0.17,0.26,0.06,0.07,0.07,0.08,0.14,0.08,0.14,0.14,0.07,0.08
bee,"beehive comb honey cell",0.24,0.51,0.50,0.33,0.39,0.47,0.47,0.43,0.61,0.37,0.31,0.57,0.50,0.43,0.24,0.33,0.43,0.52,0.53,0.43,0.27,0.60,0.40,0.45,0.43,0.48,0.49,0.44,0.28,0.56,0.49,0.55,0.60,0.30,0.25,0.56,0.47,0.50,0.34,0.52,0.27,0.56,0.55,0.26,0.23,0.62,0.48,0.47,0.65,0.35,0.32,0.60,0.52,0.50,0.34,0.50,0.32,0.53,0.51,0.40,0.32,0.61,0.44,0.52
bee,"nectar bee keeper comb",0.26,0.27,0.25,0.25,0.25,0.25,0.27,0.27,0.24,0.15,0.04,0.02,0.32,0.32,0.16,0.25,0.17,0.24,0.34,0.42,0.15,0.14,0.21,0.17,0.15,0.37,0.04,0.47,0.16,0.16,0.23,0.18,0.16,0.40,0.54,0.16,0.47,0.42,0.33,0.16,0.27,0.39,0.22,0.32,0.40,0.35,0.35,0.10,0.26,0.09,0.04,0.45,0.03,0.69,0.40,0.35,0.04,0.43,0.42,0.13,0.04,0.06,0.06,0.04
bee,"honey comb",0.04,0.52,0.43,0.31,0.03,0.51,0.43,0.32,0.34,0.32,0.02,0.52,0.43,0.32,0.02,0.53,0.03,0.65,0.65,0.42,0.04,0.64,0.65,0.41,0.26,0.41,0.08,0.56,0.33,0.42,0.08,0.56,0.09,0.46,0.31,0.36,0.11,0.46,0.32,0.37,0.29,0.36,0.11,0.36,0.33,0.37,0.11,0.28,0.10,0.45,0.32,0.35,0.11,0.35,0.07,0.07,0.24,0.27,0.10,0.39,0.05,0.17,0.08,0.07
bee,"honey comb",0.06,0.07,0.15,0.46,0.32,0.07,0.07,0.07,0.06,0.09,0.39,0.08,0.47,0.30,0.13,0.07,0.34,0.39,0.53,0.66,0.66,0.17,0.45,0.06,0.33,0.16,0.51,0.17,0.68,0.57,0.54,0.06,0.32,0.40,0.51,0.31,0.53,0.08,0.16,0.41,0.46,0.16,0.40,0.43,0.40,0.27,0.20,0.40,0.07,0.54,0.60,0.07,0.34,0.38,0.30,0.08,0.07,0.05,0.14,0.47,0.33,0.07,0.07,0.07
bee,"beehive comb",0.23,0.23,0.35,0.29,0.22,0.22,0.23,0.23,0.24,0.29,0.62,0.50,0.56,0.52,0.28,0.23,0.22,0.52,0.41,0.49,0.23,0.50,0.56,0.23,0.24,0.48,0.39,0.42,0.58,0.49,0.50,0.23,0.24,0.61,0.57,0.54,0.59,0.46,0.40,0.24,0.24,0.40,0.46,0.49,0.31,0.54,0.23,0.23,0.23,0.23,0.34,0.36,0.35,0.29,0.42,0.23,0.24,0.23,0.24,0.23,0.23,0.31,0.23,0.23
potion,"Copper mule mug",0.06,0.05,0.04,0.03,0.04,0.05,0.04,0.05,0.10,0.28,0.23,0.24,0.24,0.16,0.33,0.09,0.07,0.41,0.28,0.29,0.35,0.38,0.20,0.30,0.06,0.44,0.48,0.48,0.44,0.14,0.05,0.30,0.16,0.44,0.68,0.69,0.44,0.16,0.29,0.17,0.16,0.46,0.47,0.54,0.41,0.27,0.21,0.05,0.08,0.40,0.42,0.42,0.37,0.25,0.14,0.06,0.06,0.12,0.16,0.17,0.12,0.05,0.05,0.05
potion,"lead capsule",0.07,0.07,0.07,0.07,0.07,0.06,0.07,0.07,0.07,0.07,0.07,0.07,0.23,0.58,0.63,0.07,0.07,0.07,0.06,0.23,0.56,0.72,0.40,0.07,0.07,0.07,0.22,0.57,0.74,0.49,0.20,0.07,0.08,0.22,0.64,0.74,0.38,0.20,0.06,0.08,0.06,0.50,0.52,0.33,0.18,0.06,0.07,0.07,0.07,0.58,0.39,0.17,0.07,0.07,0.07,0.07,0.07,0.10,0.08,0.07,0.07,0.07,0.07,0.07
potion,"Cosmic cider",0.08,0.07,0.07,0.48,0.44,0.06,0.06,0.07,0.07,0.07,0.05,0.57,0.56,0.05,0.37,0.07,0.09,0.24,0.05,0.57,0.67,0.09,0.09,0.08,0.08,0.09,0.34,0.72,0.66,0.37,0.08,0.07,0.08,0.10,0.70,0.54,0.53,0.76,0.09,0.08,0.07,0.10,0.60,0.72,0.78,0.55,0.10,0.11,0.08,0.10,0.68,0.69,0.54,0.67,0.10,0.07,0.07,0.08,0.33,0.32,0.33,0.23,0.07,0.08
potion,"Cosmic cider",0.07,0.06,0.14,0.17,0.25,0.10,0.06,0.07,0.08,0.18,0.19,0.23,0.23,0.09,0.17,0.08,0.06,0.06,0.24,0.51,0.43,0.28,0.12,0.07,0.17,0.09,0.86,0.80,0.74,0.54,0.22,0.06,0.08,0.19,0.81,0.73,0.75,0.40,0.57,0.07,0.06,0.07,0.80,0.67,0.70,0.34,0.52,0.10,0.07,0.08,0.67,0.64,0.70,0.38,0.27,0.07,0.07,0.07,0.32,0.59,0.50,0.07,0.08,0.07
potion,"copper colander",0.07,0.08,0.06,0.06,0.06,0.07,0.08,0.08,0.07,0.14,0.45,0.50,0.50,0.44,0.14,0.07,0.34,0.34,0.16,0.13,0.12,0.23,0.34,0.24,0.26,0.55,0.48,0.48,0.47,0.47,0.56,0.24,0.07,0.53,0.57,0.58,0.57,0.58,0.54,0.08,0.07,0.12,0.54,0.59,0.57,0.53,0.12,0.08,0.07,0.07,0.32,0.23,0.22,0.36,0.08,0.08,0.07,0.08,0.06,0.08,0.08,0.07,0.07,0.07
potion,"lead ingot",0.07,0.07,0.07,0.08,0.08,0.08,0.08,0.08,0.07,0.07,0.08,0.14,0.79,0.86,0.44,0.07,0.08,0.07,0.15,0.81,0.86,0.69,0.61,0.19,0.07,0.36,0.84,0.80,0.67,0.60,0.55,0.18,0.07,0.45,0.46,0.51,0.60,0.53,0.12,0.07,0.20,0.63,0.58,0.48,0.52,0.10,0.08,0.07,0.34,0.44,0.45,0.25,0.10,0.07,0.07,0.07,0.07,0.06,0.06,0.07,0.07,0.08,0.07,0.07
potion,"healer with herb",0.07,0.06,0.25,0.25,0.06,0.07,0.07,0.08,0.07,0.27,0.97,0.81,0.27,0.12,0.29,0.25,0.07,0.36,0.75,0.49,0.61,0.27,0.42,0.29,0.07,0.25,0.72,0.62,0.39,0.29,0.37,0.24,0.06,0.68,0.71,0.97,0.65,0.19,0.08,0.06,0.06,0.44,0.68,0.95,0.31,0.18,0.07,0.07,0.05,0.65,0.79,0.95,0.46,0.06,0.07,0.07,0.18,0.56,0.41,0.38,0.57,0.18,0.07,0.07
potion,"healer with herb",0.06,0.15,0.07,0.06,0.33,0.33,0.07,0.07,0.23,0.53,0.16,0.54,0.79,0.97,0.66,0.07,0.27,0.52,0.12,0.64,0.74,0.81,0.64,0.10,0.20,0.51,0.09,0.67,0.80,0.74,0.59,0.06,0.15,0.47,0.77,0.91,0.67,0.84,0.74,0.04,0.07,0.33,0.65,0.66,0.66,0.82,0.80,0.49,0.06,0.06,0.06,0.62,0.65,0.54,0.72,0.29,0.07,0.06,0.37,0.69,0.69,0.60,0.49,0.05
potion,"healer with herb",0.07,0.08,0.07,0.07,0.07,0.07,0.08,0.08,0.07,0.16,0.77,0.48,0.08,0.20,0.10,0.08,0.07,0.75,0.26,0.29,0.47,0.40,0.57,0.14,0.06,0.59,0.55,0.59,0.30,0.55,0.54,0.14,0.08,0.62,0.89,0.93,0.53,0.28,0.12,0.08,0.07,0.50,0.91,0.77,0.20,0.10,0.08,0.07,0.07,0.58,0.77,0.77,0.17,0.07,0.07,0.07,0.08,0.08,0.06,0.07,0.09,0.07,0.07,0.07
potion,"White Mage; robed healer with staff and hood",0.05,0.64,0.37,0.15,0.34,0.14,0.06,0.05,0.06,0.56,0.31,0.56,0.91,0.86,0.14,0.04,0.04,0.42,0.43,0.55,0.39,0.78,0.14,0.05,0.06,0.21,0.36,0.76,0.57,0.67,0.05,0.04,0.04,0.53,0.64,0.58,0.87,0.89,0.44,0.05,0.05,0.12,0.38,0.62,0.73,0.43,0.68,0.03,0.05,0.11,0.26,0.78,0.86,0.60,0.76,0.05,0.05,0.15,0.47,0.32,0.54,0.71,0.71,0.24
potion,"healer with mortar and pestle",0.08,0.07,0.26,0.69,0.34,0.07,0.08,0.08,0.08,0.05,0.47,0.15,0.43,0.20,0.08,0.08,0.08,0.07,0.16,0.87,0.65,0.12,0.08,0.08,0.07,0.50,0.33,0.61,0.48,0.87,0.08,0.08,0.15,0.41,0.63,0.19,0.52,0.94,0.10,0.08,0.43,0.47,0.48,0.52,0.61,0.40,0.30,0.20,0.19,0.69,0.68,0.24,0.31,0.60,0.68,0.38,0.08,0.49,0.49,0.08,0.09,0.07,0.23,0.19
potion,"stag druid healer",0.07,0.20,0.12,0.07,0.12,0.15,0.14,0.07,0.07,0.47,0.43,0.08,0.32,0.44,0.24,0.09,0.07,0.39,0.35,0.28,0.39,0.39,0.37,0.29,0.07,0.23,0.48,0.64,0.38,0.25,0.35,0.19,0.07,0.23,0.42,0.90,0.60,0.11,0.29,0.14,0.07,0.42,0.34,0.30,0.27,0.21,0.27,0.07,0.35,0.53,0.40,0.12,0.35,0.49,0.66,0.07,0.31,0.41,0.23,0.25,0.11,0.39,0.51,0.09
potion,"lavender sachet charm",0.08,0.08,0.07,0.49,0.14,0.08,0.08,0.08,0.08,0.08,0.29,0.48,0.46,0.06,0.09,0.07,0.08,0.07,0.23,0.60,0.45,0.24,0.28,0.14,0.08,0.32,0.79,0.55,0.65,0.37,0.24,0.08,0.07,0.65,0.56,0.56,0.77,0.62,0.25,0.13,0.15,0.68,0.50,0.54,0.58,0.56,0.07,0.09,0.22,0.78,0.65,0.64,0.77,0.32,0.08,0.09,0.07,0.09,0.28,0.43,0.46,0.14,0.08,0.08
potion,"mage with potion",0.05,0.05,0.14,0.17,0.04,0.06,0.05,0.06,0.06,0.09,0.28,0.39,0.24,0.06,0.09,0.11,0.04,0.06,0.28,0.29,0.46,0.27,0.20,0.20,0.05,0.21,0.30,0.74,0.88,0.34,0.42,0.16,0.06,0.08,0.28,0.59,0.68,0.17,0.54,0.18,0.05,0.18,0.24,0.29,0.32,0.35,0.67,0.55,0.16,0.44,0.23,0.38,0.26,0.18,0.49,0.30,0.16,0.35,0.18,0.28,0.19,0.16,0.07,0.05
potion,"potion pal",0.08,0.08,0.07,0.12,0.11,0.09,0.12,0.08,0.08,0.09,0.26,0.64,0.61,0.13,0.11,0.09,0.10,0.32,0.11,0.51,0.43,0.06,0.27,0.08,0.08,0.08,0.28,0.68,0.42,0.17,0.16,0.08,0.08,0.18,0.69,0.49,0.30,0.70,0.15,0.09,0.09,0.32,0.54,0.45,0.42,0.48,0.34,0.08,0.10,0.17,0.61,0.42,0.43,0.51,0.09,0.08,0.07,0.08,0.27,0.19,0.20,0.16,0.08,0.08
potion,"cute mimic potion bottle",0.07,0.07,0.08,0.22,0.21,0.07,0.07,0.07,0.07,0.05,0.68,0.55,0.64,0.34,0.08,0.07,0.07,0.07,0.53,0.16,0.31,0.56,0.07,0.07,0.06,0.57,0.18,0.09,0.12,0.20,0.60,0.07,0.11,0.36,0.29,0.42,0.33,0.28,0.46,0.10,0.11,0.41,0.39,0.34,0.32,0.38,0.41,0.10,0.10,0.50,0.30,0.29,0.24,0.33,0.72,0.09,0.06,0.37,0.83,0.79,0.79,0.71,0.35,0.07
potion,"healing potion heart",0.07,0.07,0.18,0.28,0.27,0.15,0.08,0.07,0.15,0.35,0.34,0.49,0.50,0.35,0.09,0.07,0.06,0.07,0.58,0.30,0.28,0.48,0.16,0.35,0.23,0.57,0.36,0.20,0.27,0.48,0.53,0.08,0.17,0.54,0.47,0.53,0.53,0.46,0.59,0.17,0.37,0.58,0.52,0.63,0.64,0.53,0.57,0.36,0.17,0.58,0.37,0.55,0.54,0.38,0.62,0.18,0.07,0.35,0.62,0.52,0.52,0.62,0.36,0.08
potion,"mana potion blue",0.07,0.08,0.21,0.54,0.27,0.07,0.07,0.07,0.07,0.06,0.53,0.51,0.67,0.08,0.07,0.07,0.07,0.07,0.29,0.09,0.42,0.06,0.08,0.07,0.06,0.29,0.58,0.25,0.23,0.58,0.06,0.07,0.10,0.51,0.50,0.30,0.31,0.48,0.11,0.07,0.09,0.50,0.46,0.29,0.30,0.51,0.10,0.07,0.07,0.29,0.41,0.29,0.47,0.48,0.09,0.07,0.07,0.07,0.28,0.67,0.34,0.08,0.08,0.07
potion,"cute potion mimic",0.08,0.07,0.11,0.36,0.36,0.07,0.07,0.09,0.08,0.07,0.24,0.43,0.38,0.19,0.07,0.07,0.08,0.07,0.36,0.36,0.29,0.27,0.08,0.08,0.07,0.34,0.47,0.41,0.47,0.42,0.28,0.07,0.05,0.27,0.25,0.16,0.21,0.26,0.31,0.05,0.07,0.24,0.57,0.43,0.28,0.36,0.17,0.08,0.14,0.56,0.50,0.35,0.34,0.38,0.07,0.08,0.07,0.18,0.15,0.21,0.21,0.11,0.08,0.08
potion,"apothecary shelf potion",0.24,0.23,0.16,0.24,0.23,0.16,0.33,0.23,0.19,0.14,0.07,0.34,0.28,0.24,0.64,0.17,0.17,0.68,0.57,0.47,0.48,0.49,0.54,0.18,0.21,0.20,0.17,0.32,0.30,0.25,0.21,0.22,0.19,0.05,0.05,0.34,0.08,0.29,0.28,0.20,0.18,0.33,0.52,0.76,0.17,0.60,0.59,0.19,0.17,0.62,0.75,0.93,0.09,0.58,0.75,0.20,0.24,0.23,0.41,0.41,0.16,0.39,0.38,0.25
potion,"living potion slime",0.06,0.05,0.07,0.34,0.26,0.04,0.07,0.06,0.21,0.17,0.32,0.77,0.77,0.07,0.12,0.09,0.05,0.05,0.17,0.45,0.58,0.16,0.29,0.05,0.05,0.28,0.26,0.07,0.06,0.39,0.40,0.04,0.26,0.17,0.34,0.58,0.57,0.22,0.47,0.28,0.32,0.25,0.55,0.49,0.42,0.59,0.51,0.35,0.32,0.55,0.58,0.56,0.57,0.61,0.74,0.27,0.06,0.59,0.79,0.79,0.79,0.78,0.32,0.04
potion,"cute potion elemental",0.07,0.07,0.07,0.07,0.08,0.08,0.17,0.06,0.07,0.07,0.07,0.43,0.16,0.18,0.37,0.06,0.06,0.07,0.24,0.74,0.60,0.03,0.49,0.06,0.14,0.40,0.58,0.52,0.66,0.33,0.27,0.07,0.06,0.48,0.75,0.58,0.57,0.72,0.28,0.06,0.09,0.67,0.49,0.61,0.46,0.58,0.60,0.25,0.07,0.54,0.60,0.57,0.58,0.64,0.36,0.06,0.07,0.07,0.42,0.58,0.50,0.25,0.06,0.07
potion,"Plague Knight alchemy potion",0.05,0.05,0.07,0.12,0.12,0.07,0.06,0.05,0.06,0.05,0.09,0.32,0.17,0.14,0.08,0.05,0.09,0.07,0.15,0.85,0.66,0.13,0.11,0.05,0.06,0.10,0.85,0.73,0.56,0.10,0.05,0.06,0.49,0.21,0.14,0.10,0.07,0.42,0.34,0.06,0.66,0.62,0.21,0.45,0.35,0.18,0.11,0.07,0.20,0.47,0.22,0.47,0.25,0.13,0.13,0.09,0.07,0.29,0.19,0.08,0.08,0.07,0.11,0.11
potion,"alchemist with potion",0.05,0.12,0.20,0.06,0.05,0.06,0.05,0.06,0.06,0.14,0.51,0.46,0.35,0.04,0.04,0.06,0.10,0.38,0.42,0.39,0.26,0.12,0.16,0.06,0.06,0.30,0.46,0.58,0.15,0.51,0.24,0.06,0.11,0.47,0.45,0.18,0.52,0.46,0.60,0.04,0.21,0.68,0.53,0.61,0.45,0.23,0.24,0.06,0.19,0.63,0.57,0.50,0.52,0.17,0.64,0.14,0.30,0.34,0.34,0.41,0.39,0.34,0.40,0.32
potion,"witch eel potion",0.07,0.07,0.07,0.39,0.39,0.07,0.07,0.07,0.07,0.07,0.15,0.43,0.34,0.14,0.07,0.07,0.07,0.07,0.16,0.64,0.64,0.16,0.07,0.07,0.07,0.16,0.58,0.15,0.16,0.49,0.17,0.07,0.06,0.56,0.53,0.33,0.39,0.32,0.56,0.06,0.10,0.52,0.37,0.62,0.52,0.44,0.48,0.10,0.07,0.55,0.44,0.35,0.31,0.38,0.55,0.07,0.08,0.15,0.45,0.51,0.51,0.46,0.16,0.07
potion,"witch eel potion",0.05,0.05,0.05,0.09,0.09,0.04,0.05,0.05,0.05,0.05,0.15,0.62,0.66,0.25,0.06,0.05,0.05,0.07,0.18,0.45,0.44,0.18,0.06,0.05,0.06,0.16,0.59,0.10,0.12,0.46,0.16,0.06,0.04,0.40,0.11,0.34,0.21,0.07,0.41,0.04,0.03,0.43,0.26,0.18,0.06,0.11,0.41,0.03,0.06,0.44,0.30,0.30,0.35,0.25,0.51,0.06,0.05,0.07,0.43,0.42,0.43,0.38,0.05,0.05
potion,"glowing potion",0.06,0.46,0.07,0.34,0.34,0.07,0.13,0.07,0.13,0.07,0.06,0.69,0.69,0.06,0.07,0.22,0.06,0.46,0.07,0.47,0.47,0.09,0.14,0.09,0.10,0.05,0.27,0.29,0.28,0.17,0.24,0.04,0.24,0.27,0.64,0.45,0.21,0.59,0.17,0.29,0.14,0.67,0.91,0.86,0.71,0.93,0.35,0.06,0.09,0.33,0.67,0.82,0.79,0.64,0.24,0.15,0.06,0.07,0.36,0.45,0.45,0.36,0.09,0.14
potion,"glowing potion",0.13,0.07,0.09,0.34,0.33,0.08,0.07,0.08,0.07,0.21,0.07,0.60,0.52,0.17,0.09,0.13,0.08,0.15,0.09,0.57,0.58,0.15,0.18,0.12,0.14,0.06,0.27,0.25,0.21,0.29,0.06,0.08,0.16,0.31,0.56,0.39,0.09,0.20,0.26,0.08,0.07,0.35,0.94,0.90,0.86,0.89,0.34,0.08,0.08,0.15,0.83,0.87,0.87,0.90,0.16,0.07,0.07,0.07,0.25,0.69,0.69,0.26,0.07,0.07
potion,"glowing potion",0.06,0.06,0.06,0.27,0.19,0.05,0.06,0.07,0.15,0.41,0.25,0.86,0.83,0.16,0.43,0.06,0.06,0.10,0.07,0.62,0.45,0.08,0.05,0.06,0.20,0.20,0.15,0.56,0.47,0.17,0.26,0.26,0.07,0.08,0.62,0.38,0.16,0.65,0.14,0.13,0.08,0.32,0.80,0.85,0.76,0.48,0.33,0.08,0.07,0.25,0.70,0.61,0.64,0.61,0.25,0.07,0.07,0.07,0.34,0.49,0.46,0.34,0.06,0.07
potion,"psychic weed puff",0.06,0.06,0.09,0.12,0.12,0.11,0.10,0.06,0.05,0.06,0.21,0.26,0.26,0.18,0.14,0.06,0.05,0.10,0.24,0.28,0.28,0.24,0.06,0.07,0.06,0.09,0.27,0.23,0.19,0.07,0.07,0.05,0.05,0.06,0.09,0.16,0.07,0.19,0.19,0.06,0.06,0.16,0.41,0.31,0.24,0.28,0.14,0.06,0.28,0.48,0.47,0.40,0.39,0.29,0.46,0.29,0.07,0.17,0.21,0.26,0.34,0.21,0.16,0.07
potion,"psychic weed puff",0.07,0.07,0.08,0.06,0.05,0.19,0.25,0.42,0.06,0.57,0.95,0.89,0.28,0.56,0.24,0.21,0.08,0.96,0.98,0.97,0.65,0.08,0.56,0.08,0.07,0.85,0.76,0.75,0.77,0.15,0.43,0.15,0.08,0.40,0.53,0.69,0.36,0.18,0.09,0.08,0.28,0.46,0.22,0.14,0.51,0.46,0.07,0.07,0.08,0.51,0.50,0.44,0.52,0.14,0.08,0.07,0.06,0.24,0.41,0.31,0.21,0.17,0.07,0.07
potion,"psychic weed puff",0.12,0.38,0.25,0.03,0.04,0.10,0.14,0.04,0.31,0.40,0.34,0.04,0.10,0.13,0.37,0.18,0.08,0.17,0.16,0.15,0.36,0.36,0.38,0.28,0.42,0.31,0.26,0.03,0.08,0.16,0.21,0.19,0.27,0.21,0.37,0.40,0.05,0.08,0.14,0.03,0.43,0.31,0.26,0.44,0.45,0.03,0.03,0.03,0.25,0.28,0.39,0.37,0.09,0.04,0.03,0.03,0.10,0.33,0.29,0.25,0.04,0.03,0.03,0.03
potion,"ice pop wizard",0.07,0.08,0.07,0.16,0.31,0.23,0.07,0.07,0.29,0.76,0.07,0.34,0.70,0.31,0.16,0.07,0.14,0.43,0.15,0.36,0.48,0.31,0.11,0.07,0.06,0.24,0.21,0.69,0.70,0.40,0.14,0.07,0.08,0.22,0.27,0.76,0.95,0.46,0.10,0.08,0.07,0.07,0.17,0.41,0.63,0.31,0.27,0.07,0.07,0.07,0.21,0.15,0.20,0.15,0.06,0.08,0.06,0.07,0.11,0.07,0.24,0.07,0.07,0.07
potion,"magic pebble pal",0.05,0.06,0.05,0.05,0.05,0.05,0.05,0.05,0.05,0.05,0.06,0.32,0.20,0.06,0.05,0.05,0.06,0.15,0.33,0.56,0.49,0.32,0.06,0.05,0.04,0.34,0.52,0.70,0.67,0.70,0.32,0.06,0.06,0.55,0.70,0.51,0.72,0.51,0.64,0.06,0.09,0.41,0.66,0.68,0.69,0.68,0.60,0.07,0.31,0.59,0.47,0.43,0.44,0.44,0.19,0.10,0.05,0.07,0.07,0.06,0.06,0.06,0.06,0.06
potion,"ice shard sorcerer",0.05,0.50,0.07,0.27,0.13,0.05,0.23,0.04,0.05,0.80,0.35,0.80,0.58,0.12,0.06,0.35,0.05,0.73,0.64,0.26,0.69,0.06,0.05,0.06,0.06,0.46,0.81,0.73,0.90,0.45,0.10,0.06,0.06,0.40,0.48,0.74,0.68,0.74,0.16,0.05,0.04,0.60,0.61,0.71,0.73,0.77,0.14,0.05,0.04,0.29,0.67,0.66,0.77,0.53,0.06,0.05,0.06,0.15,0.73,0.64,0.81,0.49,0.05,0.05
potion,"shatter spell child",0.07,0.07,0.07,0.08,0.08,0.43,0.07,0.07,0.07,0.07,0.07,0.06,0.07,0.35,0.47,0.31,0.07,0.37,0.86,0.57,0.11,0.56,0.29,0.15,0.10,0.96,0.95,0.67,0.21,0.25,0.22,0.40,0.14,0.62,0.87,0.51,0.52,0.15,0.50,0.08,0.18,0.37,0.42,0.10,0.06,0.08,0.20,0.07,0.17,0.46,0.35,0.41,0.07,0.07,0.08,0.07,0.12,0.17,0.07,0.18,0.07,0.07,0.07,0.07
potion,"shatter spell child",0.06,0.06,0.05,0.06,0.05,0.07,0.04,0.05,0.06,0.10,0.21,0.08,0.05,0.17,0.26,0.14,0.07,0.35,0.59,0.40,0.06,0.29,0.26,0.18,0.05,0.17,0.69,0.45,0.23,0.19,0.50,0.65,0.07,0.36,0.40,0.25,0.18,0.18,0.41,0.49,0.09,0.24,0.43,0.21,0.09,0.40,0.38,0.14,0.09,0.27,0.23,0.20,0.07,0.15,0.58,0.05,0.06,0.06,0.07,0.06,0.06,0.04,0.06,0.05
potion,"Wizards custard cup",0.07,0.06,0.04,0.04,0.04,0.04,0.06,0.05,0.08,0.32,0.41,0.43,0.41,0.44,0.08,0.05,0.56,0.36,0.64,0.86,0.64,0.41,0.49,0.03,0.27,0.79,0.68,0.56,0.57,0.79,0.35,0.06,0.05,0.37,0.95,0.64,0.76,0.36,0.05,0.06,0.06,0.04,0.16,0.96,0.16,0.04,0.05,0.05,0.06,0.17,0.88,0.95,0.86,0.17,0.06,0.05,0.05,0.04,0.07,0.06,0.07,0.04,0.05,0.05
potion,"witch hazel gambler",0.09,0.13,0.10,0.04,0.07,0.03,0.02,0.02,0.06,0.14,0.57,0.22,0.12,0.02,0.02,0.02,0.10,0.12,0.10,0.10,0.04,0.04,0.03,0.02,0.08,0.06,0.50,0.34,0.12,0.34,0.12,0.02,0.05,0.07,0.27,0.44,0.78,0.85,0.70,0.55,0.10,0.09,0.08,0.41,0.78,0.37,0.78,0.76,0.14,0.09,0.10,0.09,0.76,0.15,0.17,0.15,0.09,0.11,0.12,0.08,0.10,0.11,0.15,0.10
potion,"Elixir of wisdom",0.04,0.04,0.04,0.33,0.50,0.04,0.04,0.04,0.04,0.04,0.05,0.62,0.65,0.07,0.04,0.04,0.04,0.04,0.03,0.55,0.46,0.04,0.04,0.04,0.04,0.05,0.03,0.42,0.64,0.05,0.04,0.04,0.04,0.04,0.27,0.56,0.18,0.44,0.03,0.04,0.04,0.24,0.32,0.39,0.14,0.22,0.41,0.04,0.05,0.30,0.42,0.10,0.12,0.14,0.39,0.03,0.04,0.06,0.36,0.44,0.44,0.35,0.04,0.05
potion,"Elixir of wisdom",0.07,0.07,0.07,0.44,0.20,0.07,0.07,0.07,0.07,0.17,0.18,0.47,0.56,0.17,0.09,0.08,0.06,0.19,0.19,0.38,0.43,0.26,0.14,0.07,0.07,0.07,0.55,0.24,0.39,0.36,0.06,0.07,0.07,0.56,0.41,0.42,0.52,0.49,0.26,0.08,0.10,0.39,0.40,0.70,0.70,0.39,0.30,0.07,0.06,0.56,0.32,0.36,0.47,0.34,0.26,0.08,0.07,0.15,0.25,0.08,0.10,0.30,0.07,0.07
potion,"witch's mouse familiar charm",0.08,0.08,0.08,0.08,0.11,0.20,0.27,0.12,0.08,0.08,0.08,0.21,0.26,0.09,0.17,0.29,0.08,0.08,0.18,0.35,0.22,0.20,0.15,0.08,0.08,0.29,0.27,0.23,0.14,0.12,0.23,0.08,0.23,0.42,0.30,0.57,0.35,0.08,0.15,0.16,0.27,0.37,0.95,0.89,0.28,0.10,0.08,0.08,0.12,0.18,0.67,0.39,0.25,0.07,0.08,0.08,0.07,0.12,0.24,0.20,0.08,0.08,0.08,0.08
potion,"witch's mouse familiar charm",0.07,0.06,0.07,0.10,0.36,0.20,0.07,0.07,0.07,0.08,0.06,0.27,0.36,0.23,0.06,0.07,0.06,0.16,0.26,0.29,0.33,0.07,0.07,0.07,0.07,0.19,0.32,0.30,0.47,0.15,0.16,0.07,0.07,0.28,0.29,0.29,0.17,0.18,0.12,0.08,0.07,0.12,0.29,0.29,0.14,0.19,0.09,0.07,0.07,0.17,0.37,0.28,0.29,0.16,0.12,0.07,0.07,0.11,0.23,0.23,0.19,0.11,0.07,0.07
potion,"enchanted inkwell",0.07,0.07,0.07,0.07,0.34,0.86,0.93,0.33,0.15,0.11,0.10,0.14,0.86,0.76,0.66,0.07,0.06,0.17,0.10,0.58,0.78,0.75,0.14,0.11,0.07,0.21,0.31,0.82,0.71,0.37,0.17,0.07,0.07,0.06,0.49,0.74,0.54,0.28,0.21,0.08,0.06,0.44,0.41,0.28,0.21,0.40,0.24,0.07,0.05,0.46,0.15,0.19,0.12,0.15,0.33,0.08,0.06,0.35,0.63,0.68,0.69,0.55,0.15,0.07
potion,"licorice whip",0.08,0.07,0.09,0.07,0.07,0.07,0.07,0.07,0.09,0.23,0.08,0.11,0.21,0.34,0.11,0.07,0.08,0.11,0.08,0.21,0.23,0.06,0.22,0.08,0.07,0.08,0.14,0.37,0.08,0.07,0.33,0.07,0.08,0.16,0.56,0.20,0.07,0.27,0.06,0.07,0.14,0.58,0.15,0.07,0.07,0.33,0.22,0.07,0.54,0.33,0.07,0.29,0.11,0.07,0.12,0.08,0.07,0.07,0.08,0.11,0.09,0.07,0.15,0.08
building,"bus depot waiting room",0.08,0.24,0.11,0.07,0.07,0.07,0.09,0.07,0.10,0.80,0.73,0.09,0.07,0.11,0.75,0.34,0.09,0.60,0.53,0.10,0.08,0.09,0.88,0.32,0.08,0.12,0.11,0.08,0.07,0.07,0.37,0.16,0.11,0.18,0.12,0.17,0.17,0.18,0.23,0.10,0.43,0.43,0.46,0.49,0.33,0.54,0.23,0.10,0.21,0.26,0.24,0.27,0.24,0.28,0.24,0.09,0.22,0.21,0.21,0.19,0.21,0.23,0.30,0.20
building,"bus station waiting area seat",0.07,0.09,0.34,0.34,0.14,0.08,0.07,0.07,0.07,0.11,0.67,0.93,0.89,0.96,0.34,0.08,0.07,0.18,0.27,0.34,0.35,0.34,0.06,0.07,0.13,0.43,0.29,0.33,0.30,0.23,0.28,0.09,0.23,0.32,0.25,0.38,0.28,0.25,0.30,0.14,0.23,0.31,0.26,0.31,0.22,0.37,0.27,0.12,0.08,0.17,0.10,0.16,0.10,0.12,0.14,0.10,0.23,0.29,0.30,0.29,0.29,0.29,0.30,0.22
building,"bus rapid transit station with wings",0.09,0.08,0.06,0.20,0.24,0.06,0.09,0.07,0.36,0.96,0.68,0.51,0.43,0.69,0.97,0.26,0.07,0.46,0.66,0.40,0.40,0.62,0.46,0.07,0.29,0.50,0.42,0.46,0.44,0.42,0.47,0.20,0.30,0.10,0.19,0.30,0.18,0.22,0.24,0.15,0.22,0.11,0.24,0.24,0.17,0.28,0.22,0.09,0.33,0.17,0.63,0.31,0.38,0.53,0.33,0.17,0.32,0.33,0.10,0.11,0.12,0.12,0.41,0.33
building,"bus terminal bay layout",0.07,0.44,0.51,0.37,0.46,0.59,0.44,0.37,0.09,0.35,0.53,0.14,0.75,0.63,0.53,0.33,0.08,0.30,0.40,0.59,0.56,0.56,0.57,0.52,0.09,0.29,0.36,0.12,0.64,0.65,0.44,0.36,0.10,0.29,0.47,0.16,0.47,0.33,0.24,0.37,0.63,0.44,0.35,0.31,0.34,0.52,0.43,0.42,0.10,0.28,0.35,0.24,0.72,0.63,0.48,0.34,0.08,0.21,0.22,0.38,0.36,0.35,0.35,0.36
building,"bus rapid transit station platform",0.08,0.20,0.25,0.25,0.25,0.25,0.25,0.09,0.12,0.30,0.27,0.28,0.24,0.25,0.29,0.12,0.07,0.17,0.17,0.14,0.19,0.23,0.21,0.13,0.07,0.15,0.13,0.14,0.40,0.69,0.81,0.14,0.07,0.17,0.13,0.09,0.20,0.34,0.39,0.11,0.21,0.28,0.28,0.26,0.26,0.27,0.27,0.23,0.36,0.32,0.45,0.40,0.40,0.46,0.32,0.28,0.10,0.09,0.11,0.10,0.10,0.11,0.09,0.09
building,"bus rapid transit station platform",0.15,0.19,0.08,0.09,0.07,0.06,0.07,0.07,0.26,0.34,0.36,0.35,0.35,0.35,0.36,0.22,0.18,0.35,0.07,0.06,0.27,0.26,0.23,0.19,0.18,0.82,0.34,0.40,0.51,0.59,0.49,0.10,0.17,0.62,0.15,0.25,0.39,0.26,0.40,0.11,0.34,0.51,0.39,0.43,0.70,0.57,0.67,0.22,0.47,0.65,0.57,0.54,0.52,0.28,0.29,0.31,0.18,0.18,0.19,0.20,0.22,0.08,0.08,0.08
building,"bus rapid transit station platform",0.06,0.06,0.05,0.06,0.04,0.23,0.29,0.05,0.06,0.05,0.06,0.29,0.50,0.47,0.57,0.33,0.05,0.36,0.59,0.45,0.34,0.34,0.34,0.35,0.39,0.43,0.29,0.22,0.14,0.17,0.46,0.20,0.15,0.51,0.46,0.66,0.58,0.18,0.59,0.58,0.28,0.39,0.26,0.06,0.28,0.20,0.58,0.35,0.42,0.41,0.52,0.64,0.78,0.44,0.60,0.39,0.30,0.77,0.44,0.31,0.33,0.43,0.51,0.55
building,"taxi stand pole",0.52,0.54,0.71,0.72,0.73,0.70,0.51,0.52,0.52,0.62,0.77,0.28,0.55,0.83,0.52,0.51,0.52,0.63,0.33,0.32,0.24,0.70,0.51,0.52,0.52,0.51,0.60,0.36,0.46,0.58,0.51,0.51,0.51,0.51,0.52,0.41,0.39,0.52,0.51,0.51,0.52,0.52,0.51,0.56,0.40,0.52,0.51,0.52,0.52,0.51,0.49,0.35,0.38,0.52,0.52,0.51,0.51,0.49,0.27,0.25,0.18,0.33,0.51,0.52
building,"room with multiple ceilings",0.07,0.08,0.15,0.32,0.15,0.07,0.07,0.07,0.23,0.61,0.84,0.84,0.78,0.15,0.06,0.07,0.53,0.32,0.10,0.43,0.78,0.84,0.37,0.25,0.43,0.28,0.33,0.30,0.33,0.33,0.55,0.19,0.43,0.10,0.36,0.51,0.40,0.10,0.36,0.24,0.44,0.09,0.32,0.43,0.38,0.02,0.45,0.27,0.46,0.40,0.34,0.19,0.17,0.18,0.46,0.30,0.28,0.10,0.05,0.06,0.05,0.06,0.06,0.20
building,"portable changing room",0.08,0.06,0.26,0.65,0.67,0.26,0.06,0.07,0.07,0.20,0.62,0.37,0.46,0.63,0.17,0.07,0.08,0.22,0.42,0.45,0.46,0.35,0.19,0.08,0.08,0.23,0.36,0.73,0.62,0.39,0.24,0.08,0.08,0.23,0.38,0.54,0.50,0.35,0.15,0.07,0.08,0.23,0.36,0.55,0.53,0.38,0.25,0.07,0.07,0.21,0.47,0.54,0.55,0.35,0.24,0.08,0.08,0.20,0.44,0.09,0.08,0.43,0.08,0.07
building,"portable changing room",0.05,0.16,0.57,0.68,0.69,0.47,0.07,0.06,0.05,0.26,0.43,0.23,0.28,0.44,0.13,0.06,0.04,0.12,0.27,0.26,0.26,0.27,0.06,0.05,0.04,0.11,0.26,0.27,0.26,0.26,0.05,0.04,0.04,0.12,0.26,0.26,0.18,0.26,0.06,0.04,0.05,0.11,0.26,0.26,0.26,0.26,0.06,0.04,0.06,0.10,0.24,0.23,0.23,0.24,0.05,0.05,0.04,0.33,0.48,0.49,0.49,0.48,0.17,0.07
building,"museum floor plan",0.41,0.56,0.56,0.56,0.56,0.46,0.30,0.06,0.35,0.04,0.27,0.11,0.06,0.58,0.24,0.07,0.35,0.05,0.19,0.21,0.20,0.39,0.49,0.12,0.51,0.55,0.57,0.23,0.12,0.06,0.10,0.27,0.35,0.05,0.23,0.06,0.06,0.08,0.14,0.26,0.36,0.07,0.22,0.29,0.10,0.37,0.18,0.27,0.38,0.07,0.10,0.07,0.08,0.36,0.19,0.11,0.21,0.26,0.26,0.26,0.26,0.20,0.05,0.06
building,"abandoned inn room",0.16,0.05,0.19,0.21,0.26,0.26,0.21,0.23,0.22,0.14,0.12,0.22,0.24,0.21,0.22,0.21,0.23,0.10,0.15,0.21,0.17,0.23,0.23,0.09,0.19,0.17,0.22,0.22,0.14,0.19,0.22,0.17,0.18,0.16,0.21,0.23,0.23,0.21,0.45,0.13,0.09,0.33,0.43,0.22,0.17,0.15,0.18,0.10,0.09,0.38,0.35,0.48,0.29,0.21,0.12,0.09,0.09,0.10,0.11,0.11,0.12,0.09,0.06,0.09
building,"abandoned inn room",0.16,0.13,0.28,0.17,0.08,0.13,0.14,0.17,0.16,0.20,0.38,0.15,0.15,0.27,0.30,0.33,0.18,0.19,0.16,0.18,0.18,0.32,0.23,0.41,0.14,0.21,0.18,0.17,0.17,0.32,0.21,0.30,0.21,0.22,0.18,0.22,0.15,0.28,0.28,0.29,0.19,0.34,0.20,0.26,0.46,0.70,0.32,0.19,0.17,0.18,0.27,0.54,0.38,0.38,0.31,0.21,0.18,0.18,0.14,0.12,0.17,0.19,0.18,0.11
building,"abandoned inn room",0.17,0.12,0.12,0.22,0.27,0.27,0.27,0.27,0.20,0.14,0.12,0.21,0.28,0.13,0.19,0.22,0.19,0.10,0.14,0.23,0.27,0.21,0.08,0.19,0.24,0.21,0.22,0.41,0.63,0.32,0.03,0.20,0.14,0.17,0.10,0.26,0.24,0.14,0.02,0.20,0.16,0.21,0.18,0.13,0.70,0.94,0.41,0.17,0.07,0.16,0.09,0.06,0.10,0.10,0.09,0.08,0.16,0.13,0.19,0.21,0.21,0.22,0.22,0.18
building,"arcade machine room",0.12,0.13,0.14,0.12,0.12,0.20,0.19,0.14,0.10,0.78,0.80,0.29,0.09,0.24,0.26,0.26,0.11,0.36,0.41,0.29,0.08,0.22,0.17,0.26,0.08,0.33,0.39,0.49,0.09,0.21,0.15,0.23,0.08,0.33,0.41,0.54,0.09,0.19,0.17,0.21,0.06,0.39,0.01,0.36,0.29,0.35,0.15,0.21,0.14,0.17,0.09,0.20,0.15,0.17,0.17,0.15,0.19,0.15,0.17,0.15,0.20,0.15,0.16,0.16
building,"arcade machine room",0.07,0.07,0.11,0.13,0.13,0.11,0.08,0.07,0.21,0.11,0.19,0.26,0.26,0.19,0.13,0.21,0.18,0.44,0.10,0.22,0.31,0.10,0.53,0.22,0.18,0.41,0.14,0.20,0.23,0.13,0.40,0.20,0.23,0.22,0.19,0.27,0.27,0.22,0.29,0.34,0.17,0.23,0.12,0.24,0.22,0.13,0.21,0.25,0.40,0.38,0.39,0.40,0.34,0.33,0.36,0.32,0.46,0.24,0.46,0.29,0.39,0.44,0.28,0.49
building,"arcade machine room",0.13,0.09,0.07,0.12,0.09,0.07,0.12,0.13,0.15,0.13,0.10,0.28,0.20,0.12,0.12,0.12,0.22,0.53,0.53,0.23,0.31,0.88,0.81,0.15,0.24,0.36,0.29,0.14,0.16,0.51,0.35,0.35,0.24,0.65,0.32,0.19,0.29,0.53,0.68,0.28,0.23,0.46,0.39,0.34,0.53,0.62,0.61,0.22,0.21,0.38,0.13,0.17,0.30,0.07,0.45,0.18,0.22,0.19,0.16,0.25,0.23,0.23,0.20,0.24
building,"room inside shell",0.06,0.07,0.32,0.68,0.69,0.44,0.07,0.07,0.14,0.86,0.79,0.89,0.97,0.98,0.65,0.06,0.53,0.29,0.24,0.26,0.43,0.67,0.98,0.34,0.37,0.23,0.15,0.14,0.27,0.23,0.71,0.34,0.08,0.38,0.18,0.20,0.16,0.20,0.40,0.35,0.25,0.43,0.54,0.39,0.44,0.30,0.51,0.07,0.26,0.70,0.67,0.65,0.43,0.44,0.83,0.23,0.06,0.08,0.31,0.50,0.55,0.41,0.15,0.06
building,"hospital bed control panel",0.07,0.17,0.21,0.21,0.21,0.21,0.21,0.08,0.06,0.44,0.65,0.58,0.52,0.54,0.53,0.08,0.06,0.44,0.64,0.59,0.56,0.53,0.50,0.09,0.14,0.44,0.29,0.21,0.21,0.23,0.21,0.07,0.34,0.79,0.49,0.07,0.09,0.08,0.29,0.29,0.35,0.78,0.68,0.47,0.46,0.47,0.63,0.35,0.36,0.78,0.68,0.68,0.68,0.68,0.79,0.36,0.16,0.15,0.05,0.04,0.05,0.05,0.15,0.16
building,"base station cabinet",0.05,0.04,0.06,0.08,0.36,0.07,0.07,0.05,0.09,0.35,0.62,0.61,0.53,0.62,0.47,0.10,0.21,0.55,0.53,0.43,0.24,0.54,0.38,0.12,0.20,0.57,0.55,0.44,0.24,0.56,0.26,0.11,0.20,0.57,0.47,0.47,0.27,0.56,0.27,0.12,0.20,0.57,0.53,0.41,0.26,0.56,0.27,0.12,0.21,0.52,0.36,0.45,0.52,0.57,0.27,0.09,0.13,0.42,0.40,0.42,0.41,0.35,0.08,0.05
building,"pump station building",0.07,0.07,0.09,0.09,0.09,0.09,0.06,0.07,0.07,0.12,0.15,0.15,0.15,0.15,0.12,0.06,0.07,0.48,0.53,0.52,0.52,0.52,0.45,0.07,0.07,0.52,0.53,0.40,0.40,0.52,0.39,0.06,0.07,0.53,0.52,0.11,0.11,0.52,0.39,0.06,0.06,0.48,0.41,0.12,0.12,0.49,0.39,0.05,0.38,0.42,0.52,0.55,0.39,0.57,0.39,0.29,0.10,0.12,0.10,0.13,0.12,0.10,0.12,0.11
building,"pump station building",0.07,0.06,0.10,0.07,0.07,0.06,0.06,0.06,0.06,0.33,0.52,0.48,0.24,0.07,0.06,0.06,0.11,0.55,0.55,0.55,0.58,0.09,0.07,0.06,0.08,0.72,0.14,0.30,0.66,0.22,0.11,0.06,0.13,0.66,0.14,0.29,0.57,0.19,0.42,0.05,0.34,0.34,0.34,0.34,0.34,0.26,0.31,0.06,0.15,0.24,0.28,0.19,0.21,0.33,0.32,0.27,0.25,0.19,0.21,0.19,0.21,0.12,0.11,0.13
building,"intercom base station",0.98,0.98,0.98,0.99,0.99,0.99,0.99,0.99,0.82,0.63,0.98,0.98,0.98,0.98,0.98,0.99,0.97,0.57,0.68,0.69,0.69,0.69,0.79,0.99,0.78,0.48,0.52,0.51,0.54,0.48,0.34,0.90,0.69,0.47,0.41,0.41,0.52,0.53,0.57,0.85,0.69,0.49,0.22,0.32,0.50,0.54,0.54,0.85,0.78,0.36,0.10,0.11,0.35,0.35,0.34,0.86,0.98,0.96,0.96,0.95,0.96,0.95,0.97,0.98
building,"railway signal post lamp housing",0.08,0.07,0.05,0.35,0.30,0.07,0.06,0.07,0.07,0.09,0.35,0.34,0.36,0.34,0.11,0.07,0.08,0.04,0.38,0.27,0.18,0.22,0.06,0.07,0.07,0.04,0.42,0.10,0.09,0.24,0.06,0.07,0.07,0.04,0.41,0.33,0.41,0.22,0.06,0.07,0.08,0.06,0.29,0.23,0.24,0.24,0.06,0.08,0.07,0.07,0.05,0.43,0.17,0.06,0.07,0.07,0.07,0.07,0.07,0.32,0.16,0.08,0.07,0.07
building,"first aid station",0.10,0.10,0.10,0.08,0.08,0.09,0.10,0.10,0.10,0.10,0.16,0.47,0.43,0.15,0.10,0.10,0.09,0.47,0.66,0.64,0.65,0.53,0.59,0.08,0.08,0.66,0.96,0.82,0.96,0.66,0.65,0.07,0.08,0.66,0.69,0.46,0.80,0.49,0.65,0.07,0.08,0.66,0.96,0.75,0.96,0.67,0.65,0.08,0.08,0.67,0.99,0.99,0.98,0.67,0.65,0.07,0.10,0.25,0.32,0.32,0.33,0.27,0.16,0.11
building,"solder iron station base",0.07,0.07,0.07,0.07,0.07,0.07,0.11,0.10,0.07,0.07,0.07,0.07,0.06,0.26,0.24,0.21,0.06,0.07,0.07,0.04,0.24,0.27,0.07,0.20,0.26,0.66,0.60,0.50,0.34,0.07,0.17,0.11,0.38,0.81,0.34,0.36,0.58,0.07,0.12,0.08,0.41,0.44,0.48,0.43,0.58,0.63,0.72,0.40,0.30,0.35,0.48,0.38,0.39,0.62,0.73,0.40,0.24,0.30,0.32,0.31,0.26,0.07,0.06,0.06
building,"tiny polar research station",0.09,0.08,0.07,0.07,0.07,0.08,0.09,0.07,0.15,0.29,0.19,0.08,0.07,0.08,0.27,0.07,0.09,0.29,0.29,0.32,0.14,0.32,0.79,0.08,0.07,0.25,0.42,0.69,0.56,0.08,0.41,0.06,0.15,0.45,0.44,0.43,0.40,0.46,0.38,0.08,0.19,0.36,0.18,0.47,0.29,0.45,0.39,0.07,0.85,0.86,0.75,0.77,0.74,0.76,0.88,0.81,0.97,0.97,0.97,0.97,0.98,0.98,0.97,0.97
building,"scooter rental dock station",0.07,0.07,0.06,0.07,0.07,0.05,0.09,0.07,0.07,0.07,0.07,0.06,0.26,0.46,0.27,0.07,0.06,0.09,0.07,0.09,0.07,0.26,0.08,0.07,0.18,0.39,0.20,0.37,0.09,0.14,0.20,0.07,0.13,0.27,0.15,0.36,0.08,0.09,0.24,0.07,0.12,0.26,0.13,0.36,0.06,0.26,0.47,0.14,0.14,0.34,0.18,0.40,0.36,0.36,0.41,0.20,0.18,0.23,0.23,0.23,0.21,0.23,0.21,0.17
building,"heavy rail elevated station",0.04,0.05,0.04,0.04,0.04,0.04,0.06,0.04,0.12,0.28,0.34,0.23,0.23,0.45,0.25,0.05,0.06,0.45,0.58,0.56,0.52,0.66,0.44,0.07,0.29,0.65,0.65,0.76,0.84,0.75,0.35,0.15,0.41,0.38,0.40,0.33,0.28,0.40,0.39,0.36,0.23,0.72,0.07,0.41,0.21,0.10,0.53,0.30,0.26,0.64,0.09,0.08,0.53,0.34,0.45,0.29,0.25,0.23,0.26,0.26,0.25,0.27,0.25,0.25
building,"heavy rail elevated station",0.06,0.23,0.27,0.30,0.30,0.29,0.30,0.07,0.17,0.30,0.62,0.46,0.55,0.64,0.55,0.47,0.54,0.73,0.68,0.27,0.29,0.30,0.29,0.58,0.28,0.34,0.32,0.38,0.48,0.36,0.32,0.33,0.09,0.08,0.47,0.05,0.12,0.43,0.05,0.04,0.27,0.14,0.32,0.05,0.07,0.42,0.46,0.37,0.23,0.30,0.31,0.05,0.07,0.42,0.31,0.32,0.26,0.27,0.23,0.20,0.22,0.39,0.30,0.28
building,"public clock tower base",0.07,0.07,0.12,0.46,0.41,0.12,0.07,0.07,0.07,0.12,0.39,0.36,0.34,0.38,0.12,0.07,0.07,0.07,0.45,0.66,0.61,0.42,0.08,0.07,0.07,0.07,0.53,0.69,0.82,0.53,0.08,0.07,0.07,0.07,0.55,0.45,0.41,0.55,0.07,0.07,0.07,0.15,0.43,0.36,0.34,0.35,0.15,0.06,0.07,0.42,0.46,0.47,0.48,0.45,0.35,0.06,0.20,0.25,0.34,0.33,0.34,0.34,0.23,0.26
building,"Soviet concrete tower",0.08,0.08,0.14,0.54,0.54,0.14,0.08,0.08,0.08,0.08,0.28,0.65,0.67,0.28,0.08,0.08,0.08,0.08,0.22,0.64,0.63,0.22,0.08,0.08,0.08,0.08,0.09,0.71,0.71,0.09,0.08,0.08,0.08,0.08,0.09,0.73,0.73,0.09,0.08,0.08,0.09,0.08,0.09,0.73,0.73,0.10,0.08,0.07,0.07,0.16,0.18,0.72,0.72,0.16,0.15,0.08,0.17,0.55,0.54,0.55,0.54,0.54,0.55,0.08
building,"Soviet concrete tower",0.07,0.08,0.08,0.34,0.37,0.08,0.08,0.07,0.07,0.07,0.32,0.29,0.30,0.41,0.08,0.07,0.08,0.08,0.70,0.66,0.64,0.51,0.06,0.07,0.07,0.07,0.34,0.41,0.45,0.19,0.08,0.08,0.07,0.06,0.54,0.39,0.54,0.28,0.08,0.07,0.08,0.05,0.55,0.54,0.57,0.47,0.07,0.07,0.07,0.09,0.69,0.73,0.61,0.49,0.26,0.08,0.08,0.08,0.73,0.74,0.73,0.61,0.67,0.08
building,"Soviet concrete tower",0.04,0.05,0.06,0.09,0.06,0.05,0.04,0.05,0.04,0.04,0.11,0.34,0.22,0.06,0.05,0.04,0.04,0.06,0.46,0.39,0.36,0.36,0.04,0.04,0.05,0.04,0.35,0.51,0.42,0.14,0.05,0.05,0.04,0.04,0.52,0.62,0.53,0.19,0.05,0.04,0.05,0.04,0.50,0.57,0.49,0.20,0.05,0.05,0.04,0.06,0.65,0.57,0.47,0.37,0.03,0.04,0.10,0.34,0.42,0.18,0.26,0.36,0.27,0.05
building,"light tower",0.61,0.26,0.07,0.15,0.13,0.07,0.25,0.61,0.84,0.86,0.67,0.60,0.53,0.68,0.86,0.84,0.86,0.78,0.39,0.37,0.34,0.39,0.78,0.87,0.31,0.10,0.07,0.35,0.35,0.08,0.09,0.31,0.09,0.09,0.10,0.74,0.62,0.08,0.09,0.10,0.08,0.09,0.09,0.39,0.46,0.10,0.08,0.09,0.09,0.08,0.23,0.73,0.76,0.15,0.09,0.08,0.08,0.13,0.23,0.21,0.19,0.23,0.11,0.08
building,"lighthouse tower",0.07,0.08,0.07,0.13,0.07,0.07,0.24,0.08,0.09,0.13,0.09,0.36,0.24,0.08,0.11,0.32,0.06,0.21,0.31,0.40,0.38,0.81,0.93,0.97,0.08,0.05,0.28,0.53,0.43,0.07,0.33,0.33,0.14,0.09,0.45,0.81,0.86,0.07,0.08,0.07,0.07,0.09,0.68,0.82,0.92,0.09,0.06,0.06,0.06,0.07,0.61,0.78,0.94,0.32,0.07,0.07,0.09,0.33,0.27,0.26,0.27,0.26,0.23,0.08
building,"pyramid skyscraper",0.26,0.26,0.27,0.41,0.29,0.26,0.26,0.26,0.26,0.26,0.24,0.55,0.48,0.27,0.26,0.26,0.26,0.27,0.39,0.57,0.65,0.27,0.26,0.27,0.26,0.26,0.40,0.58,0.68,0.39,0.26,0.26,0.28,0.39,0.76,0.64,0.63,0.57,0.40,0.29,0.33,0.54,0.79,0.63,0.55,0.76,0.59,0.33,0.53,0.61,0.95,0.58,0.55,0.74,0.61,0.56,0.13,0.13,0.05,0.03,0.02,0.06,0.04,0.03
building,"church spire",0.10,0.10,0.08,0.35,0.10,0.09,0.10,0.10,0.10,0.10,0.08,0.46,0.10,0.10,0.10,0.10,0.10,0.10,0.09,0.70,0.11,0.10,0.10,0.10,0.09,0.09,0.12,0.91,0.27,0.11,0.10,0.10,0.10,0.10,0.45,0.85,0.70,0.09,0.10,0.10,0.10,0.10,0.59,0.53,0.59,0.10,0.10,0.10,0.10,0.09,0.58,0.86,0.55,0.11,0.10,0.10,0.09,0.07,0.38,0.56,0.29,0.12,0.10,0.10
building,"tower crane fixed base",0.36,0.45,0.46,0.36,0.38,0.36,0.36,0.36,0.40,0.73,0.74,0.77,0.62,0.66,0.71,0.49,0.36,0.29,0.28,0.40,0.49,0.72,0.65,0.40,0.36,0.32,0.30,0.35,0.35,0.64,0.47,0.36,0.37,0.23,0.18,0.36,0.34,0.64,0.48,0.36,0.37,0.16,0.14,0.35,0.34,0.67,0.48,0.36,0.36,0.35,0.35,0.35,0.27,0.56,0.31,0.33,0.36,0.35,0.35,0.36,0.21,0.18,0.16,0.29
building,"tower crane fixed base",0.07,0.06,0.53,0.14,0.06,0.06,0.06,0.08,0.48,0.65,0.73,0.72,0.63,0.64,0.63,0.16,0.59,0.71,0.77,0.71,0.55,0.66,0.71,0.46,0.17,0.18,0.64,0.31,0.07,0.05,0.27,0.05,0.09,0.11,0.70,0.31,0.09,0.08,0.39,0.08,0.08,0.11,0.59,0.33,0.09,0.09,0.22,0.10,0.08,0.28,0.67,0.52,0.09,0.08,0.16,0.09,0.07,0.36,0.43,0.46,0.11,0.08,0.08,0.08
building,"tower crane fixed base",0.06,0.12,0.43,0.17,0.09,0.07,0.09,0.07,0.32,0.40,0.57,0.43,0.54,0.58,0.52,0.33,0.16,0.20,0.56,0.35,0.07,0.16,0.23,0.07,0.07,0.07,0.57,0.35,0.05,0.25,0.26,0.07,0.07,0.07,0.57,0.41,0.04,0.39,0.39,0.06,0.07,0.07,0.57,0.38,0.06,0.23,0.22,0.08,0.07,0.14,0.51,0.39,0.10,0.06,0.07,0.06,0.10,0.24,0.22,0.23,0.20,0.07,0.06,0.06
building,"portable beacon tower",0.24,0.05,0.06,0.12,0.11,0.05,0.06,0.30,0.89,0.71,0.42,0.73,0.62,0.56,0.71,0.91,0.89,0.71,0.32,0.58,0.43,0.27,0.70,0.89,0.18,0.05,0.18,0.62,0.59,0.08,0.05,0.18,0.07,0.06,0.20,0.40,0.27,0.12,0.06,0.07,0.07,0.06,0.23,0.38,0.28,0.21,0.07,0.06,0.07,0.09,0.46,0.59,0.60,0.35,0.07,0.07,0.06,0.22,0.30,0.30,0.32,0.32,0.14,0.07
building,"spire on church",0.08,0.08,0.08,0.26,0.26,0.09,0.08,0.08,0.08,0.08,0.09,0.33,0.29,0.09,0.08,0.08,0.08,0.08,0.08,0.21,0.20,0.07,0.08,0.08,0.08,0.08,0.08,0.28,0.28,0.08,0.08,0.08,0.07,0.09,0.12,0.28,0.28,0.08,0.09,0.07,0.08,0.08,0.23,0.47,0.40,0.23,0.07,0.08,0.07,0.06,0.62,0.72,0.78,0.22,0.09,0.07,0.08,0.06,0.64,0.61,0.61,0.23,0.08,0.08
building,"crane tower",0.05,0.05,0.10,0.39,0.03,0.03,0.03,0.05,0.12,0.25,0.47,0.44,0.44,0.42,0.48,0.29,0.40,0.64,0.43,0.38,0.52,0.52,0.61,0.41,0.03,0.14,0.26,0.57,0.04,0.03,0.35,0.03,0.05,0.05,0.25,0.52,0.04,0.04,0.35,0.06,0.04,0.06,0.26,0.55,0.04,0.05,0.41,0.13,0.04,0.06,0.26,0.46,0.03,0.04,0.37,0.12,0.05,0.04,0.51,0.55,0.10,0.05,0.15,0.05
